{"mean":{"confidence_interval":{"confidence_level":0.95,"lower_bound":4783576337.263281,"upper_bound":4866842061.53125},"point_estimate":4826041514.3125,"standard_error":21269446.0222351},"median":{"confidence_interval":{"confidence_level":0.95,"lower_bound":4778773596.0,"upper_bound":4884145379.0},"point_estimate":4817227590.5,"standard_error":27349826.3528744},"median_abs_dev":{"confidence_interval":{"confidence_level":0.95,"lower_bound":57695811.30260965,"upper_bound":161983077.6408255},"point_estimate":104348527.03554332,"standard_error":25885044.980946876},"slope":null,"std_dev":{"confidence_interval":{"confidence_level":0.95,"lower_bound":88239849.24412543,"upper_bound":149147044.25855026},"point_estimate":122002195.09387678,"standard_error":15543767.66572014}}