{"mean":{"confidence_interval":{"confidence_level":0.95,"lower_bound":2075506293.375,"upper_bound":2109616977.84375},"point_estimate":2092724913.90625,"standard_error":8717770.14233686},"median":{"confidence_interval":{"confidence_level":0.95,"lower_bound":2070839674.0,"upper_bound":2115226225.0},"point_estimate":2094846227.0,"standard_error":9105464.674928173},"median_abs_dev":{"confidence_interval":{"confidence_level":0.95,"lower_bound":28992477.477380633,"upper_bound":70139734.3038708},"point_estimate":51805682.12196529,"standard_error":11062675.910952153},"slope":null,"std_dev":{"confidence_interval":{"confidence_level":0.95,"lower_bound":36956143.45174999,"upper_bound":60463706.905384466},"point_estimate":49543840.019119,"standard_error":6008334.193184199}}