{"mean":{"confidence_interval":{"confidence_level":0.95,"lower_bound":-0.005779960695296787,"upper_bound":0.014306050561252835},"point_estimate":0.0034877196390499243,"standard_error":0.0050901535061895105},"median":{"confidence_interval":{"confidence_level":0.95,"lower_bound":-0.006284588268644753,"upper_bound":0.005039488186418639},"point_estimate":0.0005558401166207982,"standard_error":0.003003589703897731}}