{"mean":{"confidence_interval":{"confidence_level":0.95,"lower_bound":0.0019352840089753188,"upper_bound":0.0265879374713238},"point_estimate":0.014199295373035214,"standard_error":0.006250195563485135},"median":{"confidence_interval":{"confidence_level":0.95,"lower_bound":0.0022716352520959493,"upper_bound":0.01829026117389887},"point_estimate":0.009907113675617474,"standard_error":0.003922373441418715}}