{"mean":{"confidence_interval":{"confidence_level":0.95,"lower_bound":-0.007882983708523323,"upper_bound":0.017733501222575478},"point_estimate":0.004006717600891774,"standard_error":0.006573789748728172},"median":{"confidence_interval":{"confidence_level":0.95,"lower_bound":-0.0121265379589367,"upper_bound":0.01693091996660545},"point_estimate":0.001119806104660448,"standard_error":0.00752273508391867}}