{"mean":{"confidence_interval":{"confidence_level":0.95,"lower_bound":0.0025164842130236138,"upper_bound":0.025440313015317316},"point_estimate":0.014043758393544215,"standard_error":0.005832876184612774},"median":{"confidence_interval":{"confidence_level":0.95,"lower_bound":-0.002745007828868995,"upper_bound":0.031131277191995155},"point_estimate":0.018045683739834173,"standard_error":0.00958901988070857}}