{"mean":{"confidence_interval":{"confidence_level":0.95,"lower_bound":3293282908.59375,"upper_bound":3332875313.390625},"point_estimate":3311821879.0625,"standard_error":10116167.892193677},"median":{"confidence_interval":{"confidence_level":0.95,"lower_bound":3286460131.0,"upper_bound":3309222089.5},"point_estimate":3299540960.0,"standard_error":6341969.085276067},"median_abs_dev":{"confidence_interval":{"confidence_level":0.95,"lower_bound":16704705.2041322,"upper_bound":71080487.72386909},"point_estimate":49279445.92701495,"standard_error":15401877.292238893},"slope":null,"std_dev":{"confidence_interval":{"confidence_level":0.95,"lower_bound":35851717.497003555,"upper_bound":74631623.14510512},"point_estimate":57861721.93341866,"standard_error":9931851.601738919}}