{"mean":{"confidence_interval":{"confidence_level":0.95,"lower_bound":5316543040.875,"upper_bound":5338620022.71875},"point_estimate":5327173207.34375,"standard_error":5618449.104335033},"median":{"confidence_interval":{"confidence_level":0.95,"lower_bound":5308384288.5,"upper_bound":5337639061.5},"point_estimate":5328351703.0,"standard_error":6630161.805351331},"median_abs_dev":{"confidence_interval":{"confidence_level":0.95,"lower_bound":16181173.20792675,"upper_bound":41346258.066657186},"point_estimate":33371324.638840556,"standard_error":6620915.662395984},"slope":null,"std_dev":{"confidence_interval":{"confidence_level":0.95,"lower_bound":22165076.106599096,"upper_bound":41856689.84347373},"point_estimate":32380518.453978393,"standard_error":5188462.636671914}}