{"mean":{"confidence_interval":{"confidence_level":0.95,"lower_bound":5254816722.625,"upper_bound":5311374127.0},"point_estimate":5279381412.34375,"standard_error":14514917.485362291},"median":{"confidence_interval":{"confidence_level":0.95,"lower_bound":5236651451.5,"upper_bound":5283891459.0},"point_estimate":5267291110.5,"standard_error":13204531.374112725},"median_abs_dev":{"confidence_interval":{"confidence_level":0.95,"lower_bound":30918098.33829403,"upper_bound":74421261.3791585},"point_estimate":58087670.222237706,"standard_error":11723054.83064291},"slope":null,"std_dev":{"confidence_interval":{"confidence_level":0.95,"lower_bound":39897876.415864274,"upper_bound":123744935.05401708},"point_estimate":83096869.32497449,"standard_error":24546235.1139048}}