{"mean":{"confidence_interval":{"confidence_level":0.95,"lower_bound":3285537550.6695313,"upper_bound":3318555807.469531},"point_estimate":3300790609.28125,"standard_error":8535398.781399304},"median":{"confidence_interval":{"confidence_level":0.95,"lower_bound":3272371218.5,"upper_bound":3298974484.0},"point_estimate":3279463427.0,"standard_error":7524747.980537507},"median_abs_dev":{"confidence_interval":{"confidence_level":0.95,"lower_bound":6417504.409566522,"upper_bound":42583153.251605384},"point_estimate":17221352.006059885,"standard_error":9667929.271845726},"slope":null,"std_dev":{"confidence_interval":{"confidence_level":0.95,"lower_bound":27104217.15076176,"upper_bound":64460450.27728905},"point_estimate":49187845.36170437,"standard_error":9462241.462496586}}