{"mean":{"confidence_interval":{"confidence_level":0.95,"lower_bound":5313321065.598437,"upper_bound":5369346510.859375},"point_estimate":5335824233.15625,"standard_error":14720358.89373149},"median":{"confidence_interval":{"confidence_level":0.95,"lower_bound":5301356552.5,"upper_bound":5339301604.5},"point_estimate":5327348538.5,"standard_error":12743445.363745729},"median_abs_dev":{"confidence_interval":{"confidence_level":0.95,"lower_bound":22994385.03306806,"upper_bound":57461177.588260174},"point_estimate":40733221.51004076,"standard_error":8493534.917547444},"slope":null,"std_dev":{"confidence_interval":{"confidence_level":0.95,"lower_bound":29050205.032109108,"upper_bound":133966410.27991673},"point_estimate":83729601.92826383,"standard_error":34286793.83074531}}