{"mean":{"confidence_interval":{"confidence_level":0.95,"lower_bound":5357510550.96875,"upper_bound":5391043953.43125},"point_estimate":5374237685.5,"standard_error":8509481.345979089},"median":{"confidence_interval":{"confidence_level":0.95,"lower_bound":5349518423.5,"upper_bound":5395526683.0},"point_estimate":5380481835.0,"standard_error":13569214.697053049},"median_abs_dev":{"confidence_interval":{"confidence_level":0.95,"lower_bound":32568516.416075803,"upper_bound":73013887.78684437},"point_estimate":50300914.31348026,"standard_error":10099477.057944868},"slope":null,"std_dev":{"confidence_interval":{"confidence_level":0.95,"lower_bound":37387911.38025346,"upper_bound":58592589.90163355},"point_estimate":49119819.80043815,"standard_error":5430436.614339529}}