{"mean":{"confidence_interval":{"confidence_level":0.95,"lower_bound":0.016935779429420657,"upper_bound":0.048087089338259455},"point_estimate":0.03261396177539422,"standard_error":0.007887613421547434},"median":{"confidence_interval":{"confidence_level":0.95,"lower_bound":0.015824365778886573,"upper_bound":0.056667271585620904},"point_estimate":0.040874781148788175,"standard_error":0.010854008275313198}}