{"mean":{"confidence_interval":{"confidence_level":0.95,"lower_bound":2526927362.59375,"upper_bound":2551259738.525},"point_estimate":2538615764.375,"standard_error":6216433.088193695},"median":{"confidence_interval":{"confidence_level":0.95,"lower_bound":2525582639.0,"upper_bound":2548358534.0},"point_estimate":2533347076.0,"standard_error":5317010.613778919},"median_abs_dev":{"confidence_interval":{"confidence_level":0.95,"lower_bound":13227955.633556843,"upper_bound":43870686.97223961},"point_estimate":24712895.5732584,"standard_error":7686783.661242088},"slope":null,"std_dev":{"confidence_interval":{"confidence_level":0.95,"lower_bound":23597049.1347116,"upper_bound":46728555.955377966},"point_estimate":35670656.77895843,"standard_error":6048631.126098502}}