{"mean":{"confidence_interval":{"confidence_level":0.95,"lower_bound":2505398532.567969,"upper_bound":2539810455.865625},"point_estimate":2520501554.71875,"standard_error":8834518.476375993},"median":{"confidence_interval":{"confidence_level":0.95,"lower_bound":2497085559.0,"upper_bound":2528974244.5},"point_estimate":2512380765.0,"standard_error":6454402.913509011},"median_abs_dev":{"confidence_interval":{"confidence_level":0.95,"lower_bound":20716859.431502223,"upper_bound":45596294.71850395},"point_estimate":35809688.61595094,"standard_error":6298412.788510081},"slope":null,"std_dev":{"confidence_interval":{"confidence_level":0.95,"lower_bound":24995074.590397984,"upper_bound":76046514.3920658},"point_estimate":50730973.43455778,"standard_error":15260497.887547085}}