{"mean":{"confidence_interval":{"confidence_level":0.95,"lower_bound":-0.3821116200815771,"upper_bound":-0.353120783585092},"point_estimate":-0.36746236853564906,"standard_error":0.00741878119762912},"median":{"confidence_interval":{"confidence_level":0.95,"lower_bound":-0.38484709212338897,"upper_bound":-0.3438460772425971},"point_estimate":-0.3575930281385712,"standard_error":0.011193138704558443}}