{"mean":{"confidence_interval":{"confidence_level":0.95,"lower_bound":2495502822.061719,"upper_bound":2533535226.84375},"point_estimate":2513950500.65625,"standard_error":9741159.986134257},"median":{"confidence_interval":{"confidence_level":0.95,"lower_bound":2487755806.0,"upper_bound":2536161729.0},"point_estimate":2505563676.0,"standard_error":14063381.89029185},"median_abs_dev":{"confidence_interval":{"confidence_level":0.95,"lower_bound":37173669.47223544,"upper_bound":81014581.27800845},"point_estimate":68581748.56933057,"standard_error":11099369.822791684},"slope":null,"std_dev":{"confidence_interval":{"confidence_level":0.95,"lower_bound":41899683.44817687,"upper_bound":67900770.33118333},"point_estimate":56147951.60242269,"standard_error":6664698.322834235}}