{"mean":{"confidence_interval":{"confidence_level":0.95,"lower_bound":2500660763.7148438,"upper_bound":2550863476.490625},"point_estimate":2524023190.375,"standard_error":12790817.989966098},"median":{"confidence_interval":{"confidence_level":0.95,"lower_bound":2494384918.0,"upper_bound":2536667986.0},"point_estimate":2508369421.5,"standard_error":12504144.682786703},"median_abs_dev":{"confidence_interval":{"confidence_level":0.95,"lower_bound":33203993.95801127,"upper_bound":82077766.43242836},"point_estimate":49476427.12471783,"standard_error":11831065.112981843},"slope":null,"std_dev":{"confidence_interval":{"confidence_level":0.95,"lower_bound":42202846.38590375,"upper_bound":98480015.06457196},"point_estimate":73429080.820466,"standard_error":14754300.277272409}}