{"mean":{"confidence_interval":{"confidence_level":0.95,"lower_bound":8209843673.06875,"upper_bound":8248741817.209375},"point_estimate":8228527401.1875,"standard_error":9924462.326836074},"median":{"confidence_interval":{"confidence_level":0.95,"lower_bound":8205285576.0,"upper_bound":8250043415.0},"point_estimate":8233598562.0,"standard_error":13816386.50959454},"median_abs_dev":{"confidence_interval":{"confidence_level":0.95,"lower_bound":27430102.505618334,"upper_bound":66545599.13907945},"point_estimate":44359843.40545535,"standard_error":9949383.39172442},"slope":null,"std_dev":{"confidence_interval":{"confidence_level":0.95,"lower_bound":36321440.495659105,"upper_bound":77252745.01767811},"point_estimate":57007321.63194959,"standard_error":10973171.506521322}}