{"mean":{"confidence_interval":{"confidence_level":0.95,"lower_bound":-0.42221474433958356,"upper_bound":-0.40993292473253656},"point_estimate":-0.4162540940834226,"standard_error":0.003149896732089848},"median":{"confidence_interval":{"confidence_level":0.95,"lower_bound":-0.42627394005708763,"upper_bound":-0.41163779101179154},"point_estimate":-0.4168562795310434,"standard_error":0.0038298393918478036}}