{"mean":{"confidence_interval":{"confidence_level":0.95,"lower_bound":3851306081.46875,"upper_bound":3906549166.5625},"point_estimate":3878629644.71875,"standard_error":14130134.376237972},"median":{"confidence_interval":{"confidence_level":0.95,"lower_bound":3850608452.5,"upper_bound":3903311798.0},"point_estimate":3876453706.0,"standard_error":13842899.801794313},"median_abs_dev":{"confidence_interval":{"confidence_level":0.95,"lower_bound":38107738.5902524,"upper_bound":113734612.461707},"point_estimate":71292546.96330428,"standard_error":19574454.659411535},"slope":null,"std_dev":{"confidence_interval":{"confidence_level":0.95,"lower_bound":58952209.948355295,"upper_bound":99469863.90041724},"point_estimate":81100686.62814309,"standard_error":10353023.11973998}}