{"mean":{"confidence_interval":{"confidence_level":0.95,"lower_bound":-0.46522913934882776,"upper_bound":-0.45917186083141664},"point_estimate":-0.4622912098924332,"standard_error":0.0015480866351183494},"median":{"confidence_interval":{"confidence_level":0.95,"lower_bound":-0.4684352174865325,"upper_bound":-0.4598904488355764},"point_estimate":-0.4624576775396051,"standard_error":0.002348075969361763}}