{"mean":{"confidence_interval":{"confidence_level":0.95,"lower_bound":-0.4540892790807743,"upper_bound":-0.4287104621198779},"point_estimate":-0.4415125961750148,"standard_error":0.006484609280588861},"median":{"confidence_interval":{"confidence_level":0.95,"lower_bound":-0.4625422539550349,"upper_bound":-0.4193556797165281},"point_estimate":-0.44393028139481905,"standard_error":0.010355825941172616}}