{"mean":{"confidence_interval":{"confidence_level":0.95,"lower_bound":3527475570.8125,"upper_bound":3542139608.9289064},"point_estimate":3534555735.1875,"standard_error":3765498.6392436037},"median":{"confidence_interval":{"confidence_level":0.95,"lower_bound":3521549865.0,"upper_bound":3540975850.5},"point_estimate":3531298710.5,"standard_error":4397203.170968023},"median_abs_dev":{"confidence_interval":{"confidence_level":0.95,"lower_bound":10304218.818363547,"upper_bound":25313419.727396965},"point_estimate":19543153.97323966,"standard_error":3891274.8878395855},"slope":null,"std_dev":{"confidence_interval":{"confidence_level":0.95,"lower_bound":14232025.189924628,"upper_bound":27628599.256656297},"point_estimate":21715725.903117012,"standard_error":3425606.7068954227}}