{"mean":{"confidence_interval":{"confidence_level":0.95,"lower_bound":3486267649.96875,"upper_bound":3510141028.9375},"point_estimate":3497294098.59375,"standard_error":6086581.379033548},"median":{"confidence_interval":{"confidence_level":0.95,"lower_bound":3480957871.0,"upper_bound":3499912337.0},"point_estimate":3489323560.0,"standard_error":4660533.011528995},"median_abs_dev":{"confidence_interval":{"confidence_level":0.95,"lower_bound":12600325.104099512,"upper_bound":34732516.724574566},"point_estimate":22802271.211078763,"standard_error":5757608.169925638},"slope":null,"std_dev":{"confidence_interval":{"confidence_level":0.95,"lower_bound":19923475.20633784,"upper_bound":46615299.348889366},"point_estimate":34960073.94136688,"standard_error":6862541.516217518}}