{"mean":{"confidence_interval":{"confidence_level":0.95,"lower_bound":3568491642.375,"upper_bound":3594749065.241406},"point_estimate":3579870983.71875,"standard_error":6754789.120179584},"median":{"confidence_interval":{"confidence_level":0.95,"lower_bound":3560518638.0,"upper_bound":3576704724.5},"point_estimate":3564628493.5,"standard_error":3687651.1315776585},"median_abs_dev":{"confidence_interval":{"confidence_level":0.95,"lower_bound":4808097.660139203,"upper_bound":26560612.477254868},"point_estimate":10909474.690318108,"standard_error":5982554.764126744},"slope":null,"std_dev":{"confidence_interval":{"confidence_level":0.95,"lower_bound":16687577.75297591,"upper_bound":57034727.1780463},"point_estimate":38787766.56549564,"standard_error":11521350.521215063}}