{"mean":{"confidence_interval":{"confidence_level":0.95,"lower_bound":2102441788.03125,"upper_bound":2137691887.6820312},"point_estimate":2119340693.75,"standard_error":9026738.607357869},"median":{"confidence_interval":{"confidence_level":0.95,"lower_bound":2088465878.0,"upper_bound":2125177574.0},"point_estimate":2103627544.5,"standard_error":9947785.487305455},"median_abs_dev":{"confidence_interval":{"confidence_level":0.95,"lower_bound":17894695.540505648,"upper_bound":60349607.76768029},"point_estimate":34325339.17430341,"standard_error":10906749.653822599},"slope":null,"std_dev":{"confidence_interval":{"confidence_level":0.95,"lower_bound":34696946.39189672,"upper_bound":63529099.81003695},"point_estimate":51782964.55162207,"standard_error":7376792.375990481}}