{"mean":{"confidence_interval":{"confidence_level":0.95,"lower_bound":2161801630.5703125,"upper_bound":2215659792.4507813},"point_estimate":2188460790.125,"standard_error":13697861.86080928},"median":{"confidence_interval":{"confidence_level":0.95,"lower_bound":2143476272.5,"upper_bound":2219101536.0},"point_estimate":2189612860.0,"standard_error":20358871.04968426},"median_abs_dev":{"confidence_interval":{"confidence_level":0.95,"lower_bound":52822926.58110563,"upper_bound":137797069.187513},"point_estimate":85348908.29735398,"standard_error":20773696.171532772},"slope":null,"std_dev":{"confidence_interval":{"confidence_level":0.95,"lower_bound":61545944.752294734,"upper_bound":91253344.16143231},"point_estimate":78912981.23428059,"standard_error":7550169.080398808}}