{"mean":{"confidence_interval":{"confidence_level":0.95,"lower_bound":3844466285.90625,"upper_bound":3905426792.8867188},"point_estimate":3873581018.46875,"standard_error":15691316.077193832},"median":{"confidence_interval":{"confidence_level":0.95,"lower_bound":3828576194.5,"upper_bound":3888175788.0},"point_estimate":3864375549.5,"standard_error":17544606.91450675},"median_abs_dev":{"confidence_interval":{"confidence_level":0.95,"lower_bound":45359315.93871117,"upper_bound":140381430.7144314},"point_estimate":98469752.75451243,"standard_error":25526562.7420312},"slope":null,"std_dev":{"confidence_interval":{"confidence_level":0.95,"lower_bound":62816146.242616326,"upper_bound":114390639.73326215},"point_estimate":90247155.60975184,"standard_error":13397602.86602513}}