{"mean":{"confidence_interval":{"confidence_level":0.95,"lower_bound":5523660065.653906,"upper_bound":5609356249.2625},"point_estimate":5562176596.1875,"standard_error":22018970.387330975},"median":{"confidence_interval":{"confidence_level":0.95,"lower_bound":5500476439.0,"upper_bound":5538348343.0},"point_estimate":5523407653.5,"standard_error":11191819.027420003},"median_abs_dev":{"confidence_interval":{"confidence_level":0.95,"lower_bound":25665666.20734334,"upper_bound":69046541.43717885},"point_estimate":48129881.64412379,"standard_error":12659291.539931761},"slope":null,"std_dev":{"confidence_interval":{"confidence_level":0.95,"lower_bound":44797190.54253712,"upper_bound":172354253.83304995},"point_estimate":126847532.13699363,"standard_error":30253131.598355886}}