{"mean":{"confidence_interval":{"confidence_level":0.95,"lower_bound":-0.0046962180520579416,"upper_bound":0.010980584428826972},"point_estimate":0.0033420083510393717,"standard_error":0.004007189022120226},"median":{"confidence_interval":{"confidence_level":0.95,"lower_bound":-0.0013816692862153432,"upper_bound":0.009713835991143505},"point_estimate":0.006122200612057593,"standard_error":0.0028515909664132873}}