{"mean":{"confidence_interval":{"confidence_level":0.95,"lower_bound":-0.004713182497308679,"upper_bound":0.007831723935159915},"point_estimate":0.0008454326283895419,"standard_error":0.003146396688999071},"median":{"confidence_interval":{"confidence_level":0.95,"lower_bound":-0.0075373597593025865,"upper_bound":0.004472093136104194},"point_estimate":-0.00421464029369456,"standard_error":0.002920248141566152}}