{"mean":{"confidence_interval":{"confidence_level":0.95,"lower_bound":2114169393.7914062,"upper_bound":2153356865.65625},"point_estimate":2133866697.625,"standard_error":10012139.009932872},"median":{"confidence_interval":{"confidence_level":0.95,"lower_bound":2116132406.5,"upper_bound":2158798044.0},"point_estimate":2144585249.5,"standard_error":10108425.920892812},"median_abs_dev":{"confidence_interval":{"confidence_level":0.95,"lower_bound":18313189.035075903,"upper_bound":74868281.5798223},"point_estimate":42160424.877002835,"standard_error":15282991.988901349},"slope":null,"std_dev":{"confidence_interval":{"confidence_level":0.95,"lower_bound":41808748.14365112,"upper_bound":70101072.79909176},"point_estimate":57602215.5696364,"standard_error":7164405.1353362845}}