{"mean":{"confidence_interval":{"confidence_level":0.95,"lower_bound":2144007092.9992187,"upper_bound":2175283649.996875},"point_estimate":2159357797.28125,"standard_error":8010377.1294569755},"median":{"confidence_interval":{"confidence_level":0.95,"lower_bound":2139738528.0,"upper_bound":2178356376.0},"point_estimate":2159160695.0,"standard_error":9928072.34089139},"median_abs_dev":{"confidence_interval":{"confidence_level":0.95,"lower_bound":24088370.34944594,"upper_bound":59170518.9889133},"point_estimate":43716822.74697125,"standard_error":8913472.457283031},"slope":null,"std_dev":{"confidence_interval":{"confidence_level":0.95,"lower_bound":32286048.490187723,"upper_bound":58261160.0538327},"point_estimate":46159711.19026073,"standard_error":6707508.020374588}}