{"mean":{"confidence_interval":{"confidence_level":0.95,"lower_bound":3439122935.4734373,"upper_bound":3443827243.4773436},"point_estimate":3441477575.0,"standard_error":1200628.2346125548},"median":{"confidence_interval":{"confidence_level":0.95,"lower_bound":3438725508.0,"upper_bound":3444750256.0},"point_estimate":3443318581.0,"standard_error":2001027.5636116175},"median_abs_dev":{"confidence_interval":{"confidence_level":0.95,"lower_bound":3923385.036545992,"upper_bound":11645188.981756568},"point_estimate":6710907.23785758,"standard_error":1926057.1511262339},"slope":null,"std_dev":{"confidence_interval":{"confidence_level":0.95,"lower_bound":5535536.805564184,"upper_bound":8062344.624746783},"point_estimate":6956977.659023896,"standard_error":644637.1900248877}}