{"mean":{"confidence_interval":{"confidence_level":0.95,"lower_bound":-0.01323637586032326,"upper_bound":-0.007797897988957914},"point_estimate":-0.010467002847618923,"standard_error":0.0013949934091060006},"median":{"confidence_interval":{"confidence_level":0.95,"lower_bound":-0.013929488654815358,"upper_bound":-0.00781527526789505},"point_estimate":-0.010900566530232303,"standard_error":0.0015467608235680134}}