{"mean":{"confidence_interval":{"confidence_level":0.95,"lower_bound":-0.038219862180720536,"upper_bound":-0.033102138714913076},"point_estimate":-0.03579397969385312,"standard_error":0.001301067353035199},"median":{"confidence_interval":{"confidence_level":0.95,"lower_bound":-0.04008126469015727,"upper_bound":-0.03292608763507632},"point_estimate":-0.03609813405522644,"standard_error":0.0017574012363180379}}