{"mean":{"confidence_interval":{"confidence_level":0.95,"lower_bound":-0.02136069987723275,"upper_bound":-0.012751150939323976},"point_estimate":-0.017180313502269007,"standard_error":0.002206806004816925},"median":{"confidence_interval":{"confidence_level":0.95,"lower_bound":-0.023382859128035283,"upper_bound":-0.0160668638958944},"point_estimate":-0.020484230189394603,"standard_error":0.0017660391410952907}}