{"mean":{"confidence_interval":{"confidence_level":0.95,"lower_bound":-0.01416799324233231,"upper_bound":-0.006405540808771022},"point_estimate":-0.01054209903179626,"standard_error":0.00198999805059003},"median":{"confidence_interval":{"confidence_level":0.95,"lower_bound":-0.015079500045858896,"upper_bound":-0.007933303383935275},"point_estimate":-0.011886604317893235,"standard_error":0.0017534247756917918}}