{"mean":{"confidence_interval":{"confidence_level":0.95,"lower_bound":-0.023584278492615886,"upper_bound":-0.007944896301342541},"point_estimate":-0.01573485580703715,"standard_error":0.003976125869971288},"median":{"confidence_interval":{"confidence_level":0.95,"lower_bound":-0.028745911104620103,"upper_bound":-0.008556488473840163},"point_estimate":-0.017605322661804368,"standard_error":0.005323458585429265}}