{"mean":{"confidence_interval":{"confidence_level":0.95,"lower_bound":0.013694367418732839,"upper_bound":0.03239131136175337},"point_estimate":0.023288037782642768,"standard_error":0.004771422753966833},"median":{"confidence_interval":{"confidence_level":0.95,"lower_bound":0.017039559433417173,"upper_bound":0.03833758306261914},"point_estimate":0.026415573795399494,"standard_error":0.00570886073761816}}