{"mean":{"confidence_interval":{"confidence_level":0.95,"lower_bound":5591281191.78125,"upper_bound":5697073513.1875},"point_estimate":5641155584.59375,"standard_error":27168967.90802899},"median":{"confidence_interval":{"confidence_level":0.95,"lower_bound":5540343482.5,"upper_bound":5622850108.0},"point_estimate":5578128681.0,"standard_error":19573620.248128492},"median_abs_dev":{"confidence_interval":{"confidence_level":0.95,"lower_bound":38603540.77785015,"upper_bound":141069499.43181574},"point_estimate":71383861.77828312,"standard_error":25884581.86291657},"slope":null,"std_dev":{"confidence_interval":{"confidence_level":0.95,"lower_bound":100628017.82974811,"upper_bound":194398425.81723887},"point_estimate":156442503.72234312,"standard_error":24089451.955914326}}