{"mean":{"confidence_interval":{"confidence_level":0.95,"lower_bound":-0.023465531536967794,"upper_bound":-0.0003026235773672314},"point_estimate":-0.011804944825885122,"standard_error":0.005947325595036495},"median":{"confidence_interval":{"confidence_level":0.95,"lower_bound":-0.022001202700629885,"upper_bound":0.004666597469674905},"point_estimate":-0.00675051446321373,"standard_error":0.006678032975383309}}