{"mean":{"confidence_interval":{"confidence_level":0.95,"lower_bound":0.02057212540115542,"upper_bound":0.04278204240514447},"point_estimate":0.03184024949109254,"standard_error":0.00564600621748875},"median":{"confidence_interval":{"confidence_level":0.95,"lower_bound":0.017763613201606354,"upper_bound":0.04370999718371449},"point_estimate":0.030701283545811364,"standard_error":0.0065430496020266755}}