{"mean":{"confidence_interval":{"confidence_level":0.95,"lower_bound":-0.011213023942435585,"upper_bound":0.008703295329307645},"point_estimate":-0.001221015322534491,"standard_error":0.0050730422255154135},"median":{"confidence_interval":{"confidence_level":0.95,"lower_bound":-0.015876792900667014,"upper_bound":0.011891266538962109},"point_estimate":-0.005324130100365254,"standard_error":0.007163672885521837}}