{"mean":{"confidence_interval":{"confidence_level":0.95,"lower_bound":0.007773002159150274,"upper_bound":0.029794853976575563},"point_estimate":0.019260611342393652,"standard_error":0.005609496489932922},"median":{"confidence_interval":{"confidence_level":0.95,"lower_bound":0.005986351422590408,"upper_bound":0.02812114322151049},"point_estimate":0.01797716192697374,"standard_error":0.005750237741931404}}