{"mean":{"confidence_interval":{"confidence_level":0.95,"lower_bound":7719865183.871875,"upper_bound":7869969559.05},"point_estimate":7794884006.5625,"standard_error":38434268.21940239},"median":{"confidence_interval":{"confidence_level":0.95,"lower_bound":7671122924.0,"upper_bound":7954175282.5},"point_estimate":7733229184.5,"standard_error":72747291.41814664},"median_abs_dev":{"confidence_interval":{"confidence_level":0.95,"lower_bound":111422266.51715934,"upper_bound":351767072.3492861},"point_estimate":241507132.33559132,"standard_error":67057842.59849878},"slope":null,"std_dev":{"confidence_interval":{"confidence_level":0.95,"lower_bound":170600232.2908329,"upper_bound":260990821.94155636},"point_estimate":219752042.47417676,"standard_error":23179549.146463767}}