{"mean":{"confidence_interval":{"confidence_level":0.95,"lower_bound":3855682058.5,"upper_bound":3902416565.65625},"point_estimate":3878316502.34375,"standard_error":11912680.19615139},"median":{"confidence_interval":{"confidence_level":0.95,"lower_bound":3827570078.5,"upper_bound":3901759228.0},"point_estimate":3885060115.0,"standard_error":22227344.305828866},"median_abs_dev":{"confidence_interval":{"confidence_level":0.95,"lower_bound":30406193.632382154,"upper_bound":117208466.51453376},"point_estimate":95216788.3065641,"standard_error":20742522.295594547},"slope":null,"std_dev":{"confidence_interval":{"confidence_level":0.95,"lower_bound":51755406.339845315,"upper_bound":80375642.42062794},"point_estimate":68229067.43282029,"standard_error":7309287.665926682}}