{"mean":{"confidence_interval":{"confidence_level":0.95,"lower_bound":3917772691.202344,"upper_bound":3980487372.014844},"point_estimate":3948188556.96875,"standard_error":16050713.95338813},"median":{"confidence_interval":{"confidence_level":0.95,"lower_bound":3898957547.0,"upper_bound":3957664821.5},"point_estimate":3933846054.5,"standard_error":15032674.891204743},"median_abs_dev":{"confidence_interval":{"confidence_level":0.95,"lower_bound":38656842.47080386,"upper_bound":121428310.75921655},"point_estimate":71642368.6509937,"standard_error":19933286.73823878},"slope":null,"std_dev":{"confidence_interval":{"confidence_level":0.95,"lower_bound":66915647.04616335,"upper_bound":110393472.60995181},"point_estimate":92253209.7663077,"standard_error":11056161.527304156}}