{"mean":{"confidence_interval":{"confidence_level":0.95,"lower_bound":10946971575.65625,"upper_bound":11232988301.677343},"point_estimate":11090718662.75,"standard_error":73187200.9185203},"median":{"confidence_interval":{"confidence_level":0.95,"lower_bound":10872838813.0,"upper_bound":11282348415.5},"point_estimate":11125637984.5,"standard_error":92080912.3764253},"median_abs_dev":{"confidence_interval":{"confidence_level":0.95,"lower_bound":247394971.23286128,"upper_bound":680782565.0631934},"point_estimate":554972242.5328732,"standard_error":113447537.5957231},"slope":null,"std_dev":{"confidence_interval":{"confidence_level":0.95,"lower_bound":337597493.7166261,"upper_bound":485813159.5518946},"point_estimate":422014541.6782062,"standard_error":37720464.890085444}}