{"mean":{"confidence_interval":{"confidence_level":0.95,"lower_bound":-0.023240269260586584,"upper_bound":-0.010568026670455977},"point_estimate":-0.01765018198063284,"standard_error":0.003162480295195038},"median":{"confidence_interval":{"confidence_level":0.95,"lower_bound":-0.02797857678549842,"upper_bound":-0.014046991457985492},"point_estimate":-0.021037284014917557,"standard_error":0.003593557583484618}}