{"mean":{"confidence_interval":{"confidence_level":0.95,"lower_bound":-0.03062725758847423,"upper_bound":-0.01991707679183051},"point_estimate":-0.025614758179449915,"standard_error":0.002789721413553635},"median":{"confidence_interval":{"confidence_level":0.95,"lower_bound":-0.032539765681923405,"upper_bound":-0.022022271453518427},"point_estimate":-0.025441652568022444,"standard_error":0.0029831621198252102}}