{"mean":{"confidence_interval":{"confidence_level":0.95,"lower_bound":-0.01697939040258233,"upper_bound":-0.009529875605958625},"point_estimate":-0.013037292954394042,"standard_error":0.0019040311608047942},"median":{"confidence_interval":{"confidence_level":0.95,"lower_bound":-0.015022285769464738,"upper_bound":-0.007482137515152476},"point_estimate":-0.010429995151918225,"standard_error":0.0018516269763827367}}