{"mean":{"confidence_interval":{"confidence_level":0.95,"lower_bound":0.0003510913578125506,"upper_bound":0.012820232968147213},"point_estimate":0.007199159992012705,"standard_error":0.003195868778696721},"median":{"confidence_interval":{"confidence_level":0.95,"lower_bound":0.003128711730201683,"upper_bound":0.016323718828655576},"point_estimate":0.009973685054772252,"standard_error":0.0035468726252437196}}