{"mean":{"confidence_interval":{"confidence_level":0.95,"lower_bound":6865040705.03125,"upper_bound":7016449641.9375},"point_estimate":6940301886.5,"standard_error":38747472.9477931},"median":{"confidence_interval":{"confidence_level":0.95,"lower_bound":6821743961.0,"upper_bound":7019352786.5},"point_estimate":6939944791.0,"standard_error":62351475.455944635},"median_abs_dev":{"confidence_interval":{"confidence_level":0.95,"lower_bound":142224860.68060398,"upper_bound":348643587.804839},"point_estimate":202959048.9510566,"standard_error":53793861.03040081},"slope":null,"std_dev":{"confidence_interval":{"confidence_level":0.95,"lower_bound":172540305.4685543,"upper_bound":260110582.3091831},"point_estimate":222460929.0698755,"standard_error":22353750.10586496}}