{"mean":{"confidence_interval":{"confidence_level":0.95,"lower_bound":5999568481.15625,"upper_bound":6017364690.84375},"point_estimate":6008104405.875,"standard_error":4570265.671544918},"median":{"confidence_interval":{"confidence_level":0.95,"lower_bound":5993603113.0,"upper_bound":6013960460.5},"point_estimate":5999545116.5,"standard_error":4659334.723107565},"median_abs_dev":{"confidence_interval":{"confidence_level":0.95,"lower_bound":11970256.438985467,"upper_bound":36362871.870329976},"point_estimate":22821909.73033011,"standard_error":5528924.302270348},"slope":null,"std_dev":{"confidence_interval":{"confidence_level":0.95,"lower_bound":19082052.848147586,"upper_bound":30934141.38785898},"point_estimate":26215543.562537897,"standard_error":3027866.8471387187}}